STN code,Monitoring Location,Year,Type Water Body,State Name,Temperature (C) - Min,Temperature (C) - Max,Dissolved - Min,Dissolved - Max,pH - Min,pH - Max,Conductivity (¬µmho/cm) - Min,Conductivity (¬µmho/cm) - Max,BOD (mg/L) - Min,BOD (mg/L) - Max,NitrateN (mg/L) - Min,NitrateN (mg/L) - Max,Fecal Coliform (MPN/100ml) - Min,Fecal Coliform (MPN/100ml) - Max,Total Coliform (MPN/100ml) - Min,Total Coliform (MPN/100ml) - Max,Fecal - Min,Fecal - Max
4085,"RIVER JUMAR AT BIT MESRA, RANCHI",2022,RIVER,JHARKHAND,12.0,29.0,3.3,5.2,6.5,6.6,110,11457.027624309392,2,2.9,0.3,2.763646408839779,300,360,2,85279.12849162011,2,BDL
2396,RIVER JUMAR AT KANKE DAM,2022,RIVER,JHARKHAND,12.0,26.0,5.9,7.2,7.5,7.6,110,11457.027624309392,1.9,3.2,0.3,2.763646408839779,300,360,2,85279.12849162011,2,BDL
2401,RIVER AJAY AT MASANJORE DAM,2022,RIVER,JHARKHAND,17.0,36.0,5.8,6.6,7.5,7.8,94,318.0,1.3,1.6,0.3,2.763646408839779,300,360,2,85279.12849162011,2,BDL
3554,"RIVER KONAR NEAR SWANG COAL WASHERY, BOKARO",2022,RIVER,JHARKHAND,19.0,34.0,7.4,7.8,7.3,7.6,110,11457.027624309392,1.8,2.7,0.3,2.763646408839779,300,360,2,85279.12849162011,2,BDL
2390,RIVER KONAR AT TENUGHAT DAM,2022,RIVER,JHARKHAND,16.0,33.0,7.4,8.0,7.4,7.8,110,11457.027624309392,1.3,2.0,0.3,2.763646408839779,300,360,2,85279.12849162011,2,BDL
4000,RIVER GARGA NEAR TELMUCHO BRIDGE,2022,RIVER,JHARKHAND,15.0,30.0,6.5,7.5,7.2,7.5,110,11457.027624309392,2.2,3.6,0.3,2.763646408839779,300,360,2,85279.12849162011,2,BDL
2381,RIVER BOKARO AT ZARANGDIH BRIDGE,2022,RIVER,JHARKHAND,18.5,33.5,7.3,8.1,7.0,7.6,110,11457.027624309392,1.6,2.8,0.3,2.763646408839779,300,360,2,85279.12849162011,2,BDL
1034,"RIVER SANKH AT BOLBA, JHARKHAND",2022,RIVER,JHARKHAND,12.0,27.0,7.8,8.5,7.3,7.5,110,11457.027624309392,1.1,1.8,0.3,2.763646408839779,300,360,2,85279.12849162011,2,BDL
2392,RIVER BARAKAR AT MAITHAN DAM,2022,RIVER,JHARKHAND,13.0,26.0,7.3,7.8,7.4,7.6,110,11457.027624309392,1.3,2.3,0.3,2.763646408839779,300,360,2,85279.12849162011,2,BDL
3555,"RIVER DAMODAR NEAR ZARANGDIH BRIDGE, BOKARO",2022,RIVER,JHARKHAND,18.0,33.0,7.5,8.7,7.4,7.6,110,11457.027624309392,1.8,2.7,0.3,2.763646408839779,300,360,2,85279.12849162011,2,BDL
4083,"RIVER DAMODAR NEAR ROHINI PROJECT, NK AREA, PO-DAKRA, RANCHI",2022,RIVER,JHARKHAND,14.0,26.0,6.7,8.5,6.6,8.0,110,11457.027624309392,1.5,3.0,0.3,2.763646408839779,300,360,2,85279.12849162011,2,BDL
3553,RIVER DAMODAR NEAR TELMUCHO BRIDGE,2022,RIVER,JHARKHAND,14.5,30.0,7.3,8.5,7.4,7.7,110,11457.027624309392,2.3,3.4,0.3,2.763646408839779,300,360,2,85279.12849162011,2,BDL
1510,RIVER TONS AT TIUNI (HIMACHAL PRADESH/UTTRA KHAND BORDER),2022,RIVER,HIMACHAL PRADESH,8.0,24.0,7.1,9.0,7.52,8.14,55,1000.0,1,5.197765363128492,0.37,1.9,2,33,7.8,920.0,BDL,2
30023,RIVER TONS AT HARIPUR (U.K.),2022,RIVER,UTTARAKHAND,14.0,23.5,8.7,9.4,8.1,8.5,158,290.0,1,5.197765363128492,0.32,0.52,4,21000,13,79000.0,2,BDL
4027,RIVER GIRI D/S RAJGARH TOWN,2022,RIVER,HIMACHAL PRADESH,21.0,26.0,7.5,8.3,7.55,8.27,277,557.0,1,5.197765363128492,0.32,1.19,26,40,130,210.0,BDL,BDL
4028,"RIVER GIRI D/S KALGIDHAR TRUST, BARU SAHIB",2022,RIVER,HIMACHAL PRADESH,20.0,27.0,7.4,8.2,7.79,8.25,275,687.0,1,5.197765363128492,0.32,1.23,26,39,130,280.0,BDL,BDL
4427,RIVER GIRI U/S CHAILLA,2022,RIVER,HIMACHAL PRADESH,7.0,23.0,7,8.6,7.23,8.18,61,1553.0,1,5.197765363128492,0.37,2.36,4,17,6.8,1600.0,BDL,BDL
2621,RIVER GIRI AT D/S YASHWANT NAGAR AFTER CONF. WITH ASHWANI KHAD AT YASHWANT NAGAR- NEAR SHANI MANDIR,2022,RIVER,HIMACHAL PRADESH,8.0,16.0,6.9,8.6,7.54,8.3,181,646.0,1,5.197765363128492,1.01,12.12,2,1600,26,1600.0,BDL,BDL
3876,RIVER GIRI AFTER CONFLUENCE OF ASHWANI RIVER AT VILLAGE MARYOG,2022,RIVER,HIMACHAL PRADESH,7.0,18.0,7.5,8.9,7.54,8.48,164,750.0,1,5.197765363128492,0.89,7.49,2,79,21,1600.0,BDL,BDL
2622,RIVER GIRI AT U/S CCI MINES AT VILLAGE NADI,2022,RIVER,HIMACHAL PRADESH,20.0,27.0,6.9,8.2,7.77,8.32,310,1079.0,1,5.197765363128492,0.32,0.85,13,33,40,170.0,BDL,BDL
2623,RIVER GIRI D/S SATAUN,2022,RIVER,HIMACHAL PRADESH,19.0,27.0,7.4,8.1,7.64,8.29,334,1065.0,1,5.197765363128492,0.32,1.0,14,39,40,220.0,BDL,BDL
3877,RIVER GIRI U/S LWSS AT SAINJ,2022,RIVER,HIMACHAL PRADESH,8.0,24.0,6.8,8.5,7.38,8.13,49,1612.0,1,5.197765363128492,0.37,2.82,4,39,14,1600.0,BDL,BDL
3878,RIVER GIRI D/S LWSS AT SAINJ,2022,RIVER,HIMACHAL PRADESH,8.0,23.0,6.9,8.5,7.37,8.17,59,1602.0,1,5.197765363128492,0.32,5.57,9,27,17,1600.0,BDL,BDL
3860,"RIVER GIRI D/S CEMENT CORPORATION OF INDIA, RAJBAN AT BANGRAN BRIDGE",2022,RIVER,HIMACHAL PRADESH,19.0,26.0,7.4,8.0,7.6,8.16,359,918.0,1,5.197765363128492,0.32,0.91,17,33,46,170.0,BDL,BDL
1614,"RIVER BETWA NEAR WATER SUPPLY INTAKE WELL , VIDISHA(M.P)",2022,RIVER,MADHYA PRADESH,17.0,32.0,4.7,12.4,6.96,8.25,149,710.0,1.4,5.0,2.88,10.44,3,70,120,350.0,BDL,BDL
2107,"RIVER BETWA AT U/S AT MAHUTA GHAT, AGASOD, BINA",2022,RIVER,MADHYA PRADESH,21.0,31.0,6,7.5,7.32,8.22,215,551.0,1.1,1.8,0.33,2.25,2,5.6,27,79.0,BDL,BDL
2108,"RIVER BETWA AT M/S J.P. THERMAL POWER, BINA",2022,RIVER,MADHYA PRADESH,21.0,31.0,6.1,7.8,7.36,8.32,216,566.0,1.1,1.9,0.34,2.11,2,2,26,63.0,BDL,BDL
2124,"RIVER BETWA AT CHARANTIRGHAT, VIDISHA",2022,RIVER,MADHYA PRADESH,5.0,32.0,5,13.6,7.32,8.86,164,1056.0,1.2,20.4,5.2,14.59,3,280,120,1600.0,BDL,BDL
2125,RIVER BETWA D/S AFTER MIXING OF RIVER BAIS AT VIDISHA,2022,RIVER,MADHYA PRADESH,18.0,32.0,5.5,13.3,7.08,8.27,154,1094.0,1.5,16.8,3.02,16.28,6,170,150,1600.0,BDL,BDL
3832,RIVER BETWA AT U/S NEAR ROAD BRIDGE ORCHHA,2022,RIVER,MADHYA PRADESH,22.0,30.0,6.6,7.5,7.28,8.38,199,532.0,1.1,2.1,0.32,0.53,BDL,BDL,22,84.0,BDL,BDL
30080,"RIVER BETWA AT KANJIA ROAD BRIDGE, KANJIA DIST.ASHOK NAGAR (M.P.)",2022,RIVER,MADHYA PRADESH,21.4,32.6,7.9,10.2,7.83,8.14,285,499.0,1.6,3.3,0.32,1.9,2000,22000,4500,790000.0,BDL,BDL
2953,"RIVER KALI SINDH AT ANICUT OF M/S CFCL GADEPAN, KOTA, RAJASTHAN",2022,RIVER,RAJASTHAN,21.0,34.0,3.7,5.6,7.98,8.46,390,808.0,1.2,2.2,0.83,2.62,33,84,75,220.0,23,38
2956,"RIVER KALI SINDH AT BAROD ROAD BRIDGE, KOTA, RAJASTHAN",2022,RIVER,RAJASTHAN,22.0,34.0,3.7,5.1,8.15,8.56,485,1445.0,1.2,2.1,1.71,2.97,23,84,64,210.0,14,25
2951,"RIVER BANAS BISULPUR DAM, TONK, RAJASTHAN",2022,RIVER,RAJASTHAN,17.0,32.0,3.7,6.2,8.1,8.55,525,819.0,1.1,2.1,0.84,3.43,49,110,110,280.0,17,32
2952,"RIVER NEAR NEWTA DAM,JAIPUR,RAJSTHAN",2022,RIVER,RAJASTHAN,18.0,31.0,1.6,2.9,7.97,8.82,1918,3040.0,3.3,5.4,2.58,6.56,130,240,430,540.0,2,BDL
2955,"RIVER CHAMBAL ENTERING IN RAJASTHAN AT GANDHI SAGAR DAM, RAWATBHATA,CHITTORGARH",2022,RIVER,RAJASTHAN,17.0,31.0,5,6.6,7.1,8.38,330,682.0,1.1,3.6,1.21,3.42,90,140,210,280.0,21,29
3309,"RIVER CHAMBAL AT TAL VILLAGE NEAR BRIDGE, UJJAIN",2022,RIVER,MADHYA PRADESH,22.0,30.0,6.4,7.7,7.26,8.05,192,2057.0,2,6.0,0.66,2.62,6,920,48,1600.0,2,2
4349,"SEA WATER, BAY OF BENGAL, AFTER CONFLUENCE OF MARINE OUTFALL OF M/S.AUROBINDO PHARMA LTD. PYDIBHEEMAVARAM (V), RANASTHALAM (M)",2022,MARINE,ANDHRA PRADESH,21.0,30.0,5.2,7.2,7.4,8.4,13800,57300.0,1.2,2.5,0.32,1.38,3,7,48,120.0,-,-
4352,"SEA WAER BAY OF BENGAL, AFTER CONFLUENCE OF MARINE OUTFALL OF M/S MATRIX LABORATORIES LTD THAMMAYYAPALEM (V) PUSAPATIREGA (M)",2022,MARINE,ANDHRA PRADESH,25.0,28.0,5.2,6.6,7.7,8.5,32200,56400.0,1.4,2.8,0.32,0.88,3,11,39,210.0,-,-
4357,"RUSHIKONDA BEACH,VISAKHAPATNAM",2022,BEACH,ANDHRA PRADESH,25.0,29.0,4.8,7.0,7.7,8.5,31700,55700.0,1.2,2.9,0.32,1.13,3,14,39,150.0,-,-
4361,"SEA WATER BAY BENGAL, UPPADA BEACH ROAD, KAKINADA",2022,BEACH,ANDHRA PRADESH,25.0,28.0,4.5,7.9,7.8,8.5,4800,51400.0,2.2,2.8,0.42,1.32,3,20,48,150.0,-,-
4362,"SEA WATER, BAY OF BENGAL NEAR DEEP WATER PORT, KAKINADA (1KM AWAY FROM JETTY)",2022,SEA,ANDHRA PRADESH,25.0,27.0,5.3,8.0,7.4,8.4,861,50300.0,2.2,3.9,0.82,3.32,4,23,75,460.0,-,-
4363,"SEA WATER BAY OF BENGAL NEAR KUMBHABHISHEKAM TEMPALE, KAKINADA",2022,SEA,ANDHRA PRADESH,24.0,26.0,5.7,7.5,7.1,8.2,481,47000.0,2.2,2.8,0.9,4.27,3,21,64,460.0,-,-
4371,"SEA WATER, BAY OF BENGAL AFTER CONFLUENCE OF RIVER VASHISTA GODAVARI AT CHINNAMAINAVARILANKA (V), NARSAPUR (M)",2022,MARINE,ANDHRA PRADESH,22.0,30.0,5.1,8.0,7.8,8.4,7300,51500.0,1.3,2.0,0.38,1.15,3,14,49,120.0,-,-
4378,"SEA WATER, BAY OF BENGAL, MANGINAPUDI BEACH, MACHILIPATNAM (V & M)",2022,BEACH,ANDHRA PRADESH,25.0,27.0,5.5,6.8,7.5,8.0,38200,58500.0,2.4,2.8,0.83,1.82,3,11,75,252.0,2,4
4383,"SEA WATER BAY OF BENGAL, FISHING HARBOUR, NIZAMPATNAM (V & M)",2022,MARINE,ANDHRA PRADESH,22.0,24.0,4.6,6.7,7.3,8.0,26000,56200.0,2.3,2.9,0.74,1.93,3,13,64,272.0,2,5
4385,"SEA WATER, BAY OF BENGAL, KOTHAPATNAM BEACH",2022,BEACH,ANDHRA PRADESH,22.0,26.0,5.1,6.6,7.5,8.3,33120,57680.0,2.3,2.8,0.72,1.81,3,18,64,354.0,2,6
4386,"SEA WATER, BAY OF BENGAL, VODAREVU BEACH, CHIRALA",2022,BEACH,ANDHRA PRADESH,22.0,25.0,5.4,6.7,7.6,8.1,32900,56900.0,2.6,2.9,0.72,1.66,3,10,75,210.0,2,5
4387,"SEA WATER, BAY OF BENGAL, KRISHNAPATNAM PORT",2022,MARINE,ANDHRA PRADESH,19.0,21.0,5.6,6.7,7.2,8.0,31200,52900.0,2.4,2.9,0.42,1.53,3,11,64,243.0,2,4
4013,TIRACOL BEACH,2022,BEACH,GOA,28.0,30.0,5.9,7.5,7.2,8.3,30500,52560.0,1,2.3,0.32,2.27,13,350,23,540.0,5,170
4014,MIRAMAR BEACH,2022,BEACH,GOA,28.0,32.0,5.9,7.6,7.7,8.5,8856,55850.0,1,2.0,0.32,0.38,79,350,110,540.0,23,94
4015,CALANGUTE BEACH,2022,BEACH,GOA,27.0,30.0,5.7,7.5,7.4,8.4,29950,53320.0,1,1.9,0.32,0.42,49,350,79,540.0,4,94
4016,MORJIM BEACH,2022,BEACH,GOA,28.0,30.0,5.5,7.3,7.3,8.7,15820,56510.0,1,2.1,0.32,0.32,13,220,23,280.0,8,110
3051,"BUDAMERU CANAL NEAR BDG AT NH-5, KEESARAPALLI (V), GANNAVARAM (M)",2023,CANAL,ANDHRA PRADESH,24.0,25.0,1.6,3.1,6.7,8.0,810,1100.0,9,23.0,2.7,7.9,120,260,1100,4900.0,11,11
4356,"ELERU CANAL, NEAR PHARMA CITY,THADI (V),PARAVADA (M)",2023,CANAL,ANDHRA PRADESH,25.0,30.0,4.5,6.5,7.3,8.3,275,75.0,1.1,2.8,0.3,0.9,3,21,75,460.0,2,2
4370,"KRISHNA CANAL AT HANUMAN NAGAR, NEAR SAIBABA TEMPLE, ELURU",2023,CANAL,ANDHRA PRADESH,22.0,28.0,4.2,8.4,7.5,8.0,132,120.0,1.2,2.8,0.3,2.9,7,21,120,460.0,2,BDL
2354,"SAMARLA KOTA CANAL,SAMARLA KOTA (V & M)",2023,CANAL,ANDHRA PRADESH,25.0,27.0,3.4,7.0,6.3,8.4,241,64.0,2.4,5.2,0.3,2.9,7,28,64,1100.0,4,4
4374,"GOSTTA NADI- VELPURU CANAL AT HANUMAN TEMPLE, DOWNSTREAM OF TANUKU TOWN, TANUKU",2023,CANAL,ANDHRA PRADESH,22.0,30.0,3.4,8.1,7.2,8.4,130,120.0,1.6,4.2,0.3,8.6,4,11,120,240.0,2,BDL
2057,"AGRA CANAL, MADANPUR KHADAR, DELHI",2023,CANAL,DELHI,18.418229166666666,27.45625,0.3,1.5,6.9,7.7,110,11457.027624309392,32,46.0,0.3,2.763646408839779,110000,340000,2,85279.12849162011,2,BDL
1479,"WESTERN YAMUNA CANAL AT HAIDERPUR WATER WORKS, DELHI",2023,CANAL,DELHI,18.418229166666666,27.45625,5,7.655440414507772,7.1,7.8,110,11457.027624309392,1,5.197765363128492,0.3,0.6,300,360,2,85279.12849162011,2,BDL
2265,"CANAL UP STREAM OF CUNCOLIM INDL.EST. CUNCOLIM, SALCETE (1 KM FROM M/S NICOMENT INDUSTRIES)",2023,CANAL,GOA,27.0,31.0,5,7.4,5.7,7.3,33,1400.0,1,1.7,0.3,0.8,1100,2200,1400,9200.0,140,140
2266,"CANAL DOWNSTREAM OF CUNCOLIM INDL.EST. CUNCOLIM, SALCETE (NEAR RAILWAY BRIDGE)",2023,CANAL,GOA,26.0,31.0,4.4,8.2,5.9,7.4,32,400.0,1,2.0,0.3,1.6,200,2700,400,7900.0,78,78
2268,CUMBARJUA CANAL CORLIM(DISCHARGE POINT OF SYNGENTA LIMITED),2023,CANAL,GOA,26.0,30.0,4.2,7.5,6.7,7.8,335,920.0,1.1,1.9,0.3,0.6,140,2700,920,3500.0,79,79
2073,"NARMADA MAIN CANAL, NR. VILLAGE. LIMBADIA, DIST. GANDHINAGAR,NARMADA CANAL AT LIMBADIYA",2023,CANAL,GUJARAT,27.0,33.0,4.8,7.6,7.4,8.3,212,4.0,1,1.3,0.3,1.3,2,2,4,21.0,2,BDL
5521,"NEAR AZARA RAILWAY STATION, GANAKPARA CHAKARDOI",2023,LAKE,ASSAM,23.0,34.0,5.1,9.6,6.6,8.0,236,302.0,3.5,5.8,1.3,2.1,2,1500,360,3500.0,2,490
5522,AT THE CENTER OF DEEPORBEEL,2023,LAKE,ASSAM,23.0,32.0,5.6,10.4,7.0,9.2,238,316.0,5,6.0,1.2,2.4,300,730,2,1600.0,2,240
3821,"DIPLAI BEEL AT SILGARA, KOKRAJHAR",2023,LAKE,ASSAM,21.0,34.0,5.2,5.6,7.0,7.6,118,136.0,1.9,2.5,0.8,2.0,300,360,720,1400.0,95,150
5619,DOLOO LAKE AT CACHAR,2023,LAKE,ASSAM,23.0,27.0,5.1,5.5,6.8,7.4,132,142.0,2.3,5.5,0.7,1.1,300,620,730,1500.0,95,290
1263,"ELANGABEEL SYSTEM (CONNECTED TO R. KOLONG), ASSAM",2023,LAKE,ASSAM,16.0,34.0,4.3,5.5,7.0,7.5,236,280.0,2.3,2.8,1,2.2,300,730,720,2000.0,95,240
5623,"HAFLONG LAKE, HAFLONG TOWN",2023,LAKE,ASSAM,17.0,24.0,5.1,5.8,6.8,7.2,129,192.0,2.2,2.6,0.8,1.0,300,360,620,1500.0,95,150
3787,"HOLLUNGA BEEL NEAR GAI NADI/ RIVER AT SOMARAJAN, DHEMA JI",2023,LAKE,ASSAM,22.0,24.0,4.5,7.8,6.9,7.3,96,148.0,2,2.6,0.6,2.0,300,620,600,1300.0,95,210
5617,"JUGIBEEL , GOLAGHAT",2023,LAKE,ASSAM,21.0,34.0,5,8.0,6.8,7.7,92,106.0,2,2.6,0.6,0.9,300,360,620,1500.0,95,150
4337,"KAMALABARI LAKE INSIDE KAMALABARI CHILDREN'S PARK, GELEKY",2023,LAKE,ASSAM,19.0,32.0,5.1,7.4,6.6,7.5,78,106.0,1.9,2.5,0.6,1.4,720,360,600,910.0,110,140
3812,"KAMALPUR BEEL, KAMALPUR",2023,LAKE,ASSAM,20.0,37.0,0.3,6.2,7.1,7.7,1007,1062.0,21,26.2,2,3.6,360,2100,1500,3600.0,210,490
5621,"LAUKHOWABEEL,DHUBRI",2023,LAKE,ASSAM,22.0,35.0,5,5.6,7.0,7.5,122,162.0,2.1,2.6,0.6,1.1,620,720,720,2000.0,95,210
3783,"MAGURI BEEL, GUIJAN, TINSUKIA",2023,LAKE,ASSAM,23.0,27.0,5.1,9.7,6.6,7.2,110,168.0,1.9,2.7,0.5,1.8,360,620,730,1500.0,95,210
5622,"MAGURI BEEL NEAR BRIDGE,TINSUKIA",2023,LAKE,ASSAM,22.0,26.0,5,9.5,6.7,8.0,120,162.0,1.8,2.7,0.6,1.2,300,360,610,1400.0,93,160
3800,MALINI BEEL NEAR INDUTRIAL AREA AT RAMNAGAR,2023,LAKE,ASSAM,22.0,24.0,4,5.5,6.5,7.3,132,172.0,2.1,2.7,0.8,1.7,300,600,910,1400.0,95,210
2205,"MER BEEL AT MADHABPUR, ASSAM",2023,LAKE,ASSAM,22.0,23.0,5,7.1,6.8,7.3,120,154.0,2,2.4,0.6,1.8,730,620,720,1500.0,95,210
5620,"PANIDIHING BIRD SANCTUARY ,SIVASAGAR",2023,LAKE,ASSAM,21.0,39.0,5.1,6.1,6.8,7.4,92,112.0,2,2.4,0.7,1.2,300,910,1100,2100.0,180,340
3808,PARASHALI BEEL AT DEMORIA,2023,LAKE,ASSAM,21.0,34.0,5,7.2,7.0,7.5,102,138.0,2,2.7,0.7,2.6,300,610,600,1400.0,95,210
3798,SAMAGURI BEEL IN NAGAON DISTRICT,2023,LAKE,ASSAM,16.0,34.0,4.9,5.9,6.8,7.3,90,120.0,2,2.5,0.6,1.7,300,620,910,1400.0,95,210
2215,"SARAN BEEL, ASSAM",2023,LAKE,ASSAM,18.0,36.0,5.3,9.3,6.8,8.0,84,128.0,1.8,2.5,0.4,1.6,300,360,620,1100.0,93,150
3814,"SILSAKO BEEL, CHACHAL, GUWAHATI",2023,LAKE,ASSAM,18.0,30.0,0.3,4.6,7.0,7.5,370,446.0,10.6,19.2,0.7,2.0,1500,2800,2700,3600.0,460,490
3804,SON BEEL WATER AT KARIMGANJ,2023,LAKE,ASSAM,20.0,24.0,4.5,6.9,6.8,7.3,112,136.0,2,2.8,0.7,1.2,300,620,910,1200.0,95,210
3819,"SORU SOLA BEEL, PALTAN BAZAR, GUWAHATI",2023,LAKE,ASSAM,19.0,30.0,0.3,1.1,7.0,7.5,370,440.0,14.6,25.8,0.7,5.6,2800,3600,4200,5300.0,460,490
2225,"BASKANDI POND INSIDE THE BASKANDI MADRASA, BASKANDI, ASSAM",2023,POND,ASSAM,19.0,23.0,4.1,5.6,6.8,7.3,90,126.0,2,2.9,0.7,1.1,620,620,910,1300.0,95,210
2214,"BATODRAWA SATRA POND, NAGAON, ASSAM",2023,POND,ASSAM,18.0,32.0,5,7.6,6.7,7.8,81,112.0,1.8,2.7,0.8,1.9,300,360,730,1200.0,95,240
2219,"BISHNU PUSKAR PUKHURI OF HAYAGRIB MADHAB TEMPLE, HAJO, ASSAM",2023,POND,ASSAM,22.0,34.0,6.1,10.9,6.8,7.8,174,262.0,2,2.6,0.5,1.8,300,730,720,2000.0,93,210
2208,"BORPUKHURI, NAZIRA, ASSAM",2023,POND,ASSAM,20.0,34.0,5.2,7.9,6.8,7.5,92,114.0,1.9,2.8,0.7,1.2,300,360,700,910.0,110,140
3772,BORPUKHURI AT SONARI,2023,POND,ASSAM,21.0,36.0,5.1,8.4,6.8,7.8,98,128.0,2.1,2.8,0.5,1.1,300,360,700,1100.0,110,140
2216,"DIGHALI PUKHURI, GUWAHATI, ASSAM",2023,POND,ASSAM,20.0,36.0,5.1,10.0,7.9,8.2,168,192.0,2.3,2.8,0.6,1.6,360,730,1400,1600.0,120,290
2221,"GANGA PUKHURI, NALBARI (GORDON SCHOOL), ASSAM",2023,POND,ASSAM,22.0,35.0,5.4,10.1,7.0,7.9,102,130.0,2,2.6,0.5,1.7,300,360,600,1400.0,95,160
2209,"GAURISAGAR TANK, GAURISAGAR, ASSAM",2023,POND,ASSAM,22.0,35.0,5,7.5,6.7,7.5,97,128.0,1.6,2.7,0.7,1.5,360,910,730,1500.0,110,340
2212,"GOPHUR TANK, GOPHUR, ASSAM",2023,POND,ASSAM,21.0,30.0,6.8,7.3,6.8,7.6,138,192.0,2,2.7,0.6,1.7,300,620,910,1200.0,95,210
2227,"HARDOI PUKHURI, CHARAIDEW, ASSAM",2023,POND,ASSAM,21.0,35.0,5.7,8.1,6.7,7.5,88,112.0,2,2.8,0.6,1.1,300,730,600,1500.0,110,280
2213,"JAIPAL PUKHURI, SIPAJHAR, ASSAM",2023,POND,ASSAM,20.0,34.0,7,7.3,6.8,7.5,136,178.0,2,2.5,0.9,1.7,300,920,730,1600.0,95,290
1532,"JAYSAGAR TANK, SIVASAGAR, ASSAM",2023,POND,ASSAM,20.0,32.0,5.1,7.6,6.9,7.6,102,122.0,1.8,2.6,0.6,1.0,300,360,600,910.0,110,140
3809,JORPUKHURI AT UZANBAZAR (UGRATALA TEMPLE),2023,POND,ASSAM,20.0,31.0,5,7.7,6.9,7.8,322,364.0,2.1,2.8,0.7,5.0,300,940,1400,2000.0,95,290
2223,"MAHAMAYA MANDIR PUKHURI, ASSAM",2023,POND,ASSAM,22.0,35.0,5,5.4,6.9,7.6,94,126.0,1.8,2.5,0.7,1.7,300,620,720,1600.0,95,210
4006,NETAI PUKHURI AT NETAI PUKHURI,2023,POND,ASSAM,22.0,35.0,5.6,7.6,6.7,7.4,90,120.0,2.1,2.6,0.6,1.1,300,360,720,730.0,100,140
2211,"PADUMPUKHURI, TEZPUR, ASSAM",2023,POND,ASSAM,20.0,34.0,6.8,7.2,6.9,7.6,186,240.0,2.2,2.7,0.6,1.6,300,730,600,1500.0,95,240
2222,"RAJADINIA PUKHURI AT ABHAYAPURI, ASSAM",2023,POND,ASSAM,23.0,38.0,5.1,5.4,6.9,7.5,132,156.0,2,2.5,0.7,2.0,300,620,910,1300.0,93,210
2224,"RAJAPUKHURI AT GAURIPUR, ASSAM",2023,POND,ASSAM,22.0,35.0,5,5.5,6.9,7.4,110,150.0,2,2.6,0.7,1.8,300,620,730,1400.0,95,240
2210,"RAJMAW PUKHURI, JORHAT, ASSAM",2023,POND,ASSAM,23.0,36.0,5.3,7.9,6.9,7.9,90,130.0,2,2.7,0.6,1.4,300,730,720,1100.0,110,270
3806,POND WATER FROM RAMKRISHNA MISSION AT HAILAKANDI,2023,POND,ASSAM,22.0,24.0,5.1,6.2,6.5,7.2,120,156.0,2.3,2.9,0.7,1.1,300,620,910,1400.0,95,210
2226,"SIVASAGAR TANK (BORPUKHURI) NEAR SIVADOL, ASSAM",2023,POND,ASSAM,21.0,34.0,5.2,7.9,6.8,7.6,70,120.0,2,2.8,0.6,1.3,300,360,730,1100.0,100,1100
2217,"SUBHAGYA KUNDA POND KAMAKHYA TEMPLE, GUWAHATI, ASSAM",2023,POND,ASSAM,20.0,32.0,5,8.5,6.8,7.6,240,278.0,2.2,2.8,0.6,1.8,300,910,1100,2000.0,95,290
3775,TENGA PUKHURI AT TENGAPUKHURI,2023,POND,ASSAM,21.0,35.0,5.2,8.1,6.6,7.7,96,112.0,1.9,2.5,0.7,1.0,300,730,730,1500.0,110,280
4334,"THOWRADOLE PUKHURI, THOWRADOLE G.P. DEMOW BLOCK",2023,POND,ASSAM,22.0,36.0,5,7.8,6.6,7.4,80,108.0,2,2.6,0.7,1.2,300,360,620,910.0,110,140
4349,"SEA WATER , BAY OF BENGAL, AFTER CONFLUENCE OF MARINE OUTFALL OF M/S. AUROBINDO PHARMA LTD. PYDIBHEEMAVARAM (V) RANASTHALAM (M)",2021,MARINE,ANDHRA PRADESH,21.0,34.0,5,8.0,7.2,8.1,25900,53500.0,1.6,2.4,0.4,1.7,4,7,64,95.0,2,BDL
4352,"SEA WAER BAY OF BENGAL, AFTER CONFLUENCE OF MARINE OUTFALL OF M/S MATRIX LABORATORIES LTD.THAMMAVAYAPALEM (V) PUSAPATIREGA (M)",2021,MARINE,ANDHRA PRADESH,25.0,32.0,5.3,8.5,7.4,8.1,34700,53500.0,1.6,2.5,0.3,1.8,4,7,64,95.0,2,BDL
4357,RUSHIKONDA BEACH,2021,BEACH,ANDHRA PRADESH,26.0,29.0,5,8.2,7.1,8.5,36800,53500.0,1.5,2.2,0.3,1.3,4,9,64,120.0,2,BDL
4361,"SEA WATER BAY BENGAL, UPPADA BEACH ROAD, KAKINADA",2021,BEACH,ANDHRA PRADESH,24.0,29.0,3.2,7.0,7.0,7.9,30600,53100.0,BDL,2.8,0.3,3.0,3,7,49,93.0,2,BDL
4362,"SEA WATER, BAY OF BENGAL NEAR DEEP WATER PORT, KAKINADA (1KM AWAY FROM JETTY)",2021,SEA,ANDHRA PRADESH,23.0,29.0,3.8,7.2,7.0,8.0,1120,50800.0,1.9,3.0,0.3,3.7,4,15,64,120.0,2,BDL
4363,"SEA WATER BAY OF BENGAL NEAR KUMBHABHISHEKAM TEMPALE, KAKINADA",2021,SEA,ANDHRA PRADESH,23.0,30.0,2,6.6,7.0,8.0,1020,46900.0,2.2,5.8,0.3,3.5,4,9,75,120.0,2,BDL
4371,"SEA WATER, BAY OF BENGAL AFTER CONFLUENCE OF RIVER VASHISTA GODAVARI AT CHINNAMAINAVANILANKA (V), NARSAPUR (M)",2021,MARINE,ANDHRA PRADESH,24.0,30.0,4.5,7.8,7.0,8.2,5030,51500.0,1.5,3.5,0.4,2.2,4,7,64,120.0,2,BDL
4378,"SEA WATER, BAY OF BENGAL, MANGINAPUDI BEACH, MACHILIPATNAM",2021,BEACH,ANDHRA PRADESH,25.0,30.0,3.4,5.3,7.0,7.8,35800,56900.0,2,2.8,0.8,1.3,3,3,43,120.0,2,BDL
4383,"SEA WATER BAY OF BENGAL, FISHING HARBOUR, NIZAMPATNAM",2021,MARINE,ANDHRA PRADESH,21.0,25.0,3.6,5.3,7.1,8.0,32900,55700.0,2,2.8,0.9,2.3,3,3,43,120.0,2,BDL
4385,"SEA WATER, BAY OF BENGAL, KOTHAPATNAM BEACH",2021,BEACH,ANDHRA PRADESH,22.0,25.0,3.6,5.9,7.1,8.0,34900,56200.0,2.2,2.8,0.8,1.4,3,3,23,93.0,2,BDL
4386,"SEA WATER, BAY OF BENGAL, VADAREVU BEACH, CHIRALA",2021,BEACH,ANDHRA PRADESH,22.0,25.0,3.5,5.7,6.8,8.0,35600,56400.0,2.4,2.8,0.8,1.6,3,3,23,120.0,2,BDL
4387,"SEA WATER, BAY OF BENGAL, KRISHNAPATNAM PORT",2021,MARINE,ANDHRA PRADESH,18.0,23.0,3.7,5.6,7.1,8.0,34900,55700.0,2.4,2.8,1,1.3,3,3,23,120.0,2,BDL
2267,"CREEK AT DANDO MOLLO, VELSAO, MAMUGAO",2021,CREEK,GOA,25.0,32.0,4.2,8.0,6.6,7.7,311,51530.0,BDL,2.4,0.3,3.8,230,2300,1100,4900.0,2,BDL
4013,TIRACOL BEACH,2021,BEACH,GOA,27.0,31.0,6.4,7.7,7.6,8.2,26000,61900.0,BDL,1.9,0.3,0.5,13,240,49,920.0,2,BDL
4014,MIRAMAR BEACH,2021,BEACH,GOA,27.0,29.0,6,7.5,7.0,8.0,18900,57680.0,BDL,2.0,0.3,0.8,23,240,33,350.0,2,BDL
4015,CALANGUTE BEACH,2021,BEACH,GOA,27.0,30.0,6.1,7.0,6.5,7.9,31300,61250.0,1.1,1.9,0.3,0.3,22,220,130,280.0,2,BDL
4016,MORJIM BEACH,2021,BEACH,GOA,28.0,31.0,6,7.7,7.7,8.3,25800,58830.0,BDL,1.9,0.3,2.4,13,350,23,920.0,2,BDL
4017,MOBOR BEACH,2021,BEACH,GOA,27.0,32.0,5.8,7.1,6.7,7.8,26000,57880.0,BDL,1.9,0.3,0.8,22,240,33,540.0,2,BDL
2354,"SAMARLA KOTA CANAL, KAKINADA, EAST GODAVARI",2021,CANAL,ANDHRA PRADESH,22.0,29.0,2.8,6.0,6.8,8.6,220,518.0,2,3.8,0.7,2.3,11,21,120,210.0,2,BDL
2355,"TULJE BAGH CANAL, TEKRI DRAIN, KAKINADA, EAST GODAVARI",2021,CANAL,ANDHRA PRADESH,24.0,30.0,1.8,6.5,6.6,8.0,725,25200.0,3.8,5.2,0.8,3.9,21,28,210,460.0,2,BDL
3051,"BUDAMERU CANAL NR BDG AT NH-5, KESARAPALLY, KRISHNA",2021,CANAL,ANDHRA PRADESH,24.0,26.0,5.4,6.6,7.2,7.9,1070,1730.0,3.2,6.0,1.4,3.1,3,3,460,470.0,2,BDL
4356,ELERU CANAL NEAR PHARMA CITY,2021,CANAL,ANDHRA PRADESH,25.0,29.0,5.5,8.0,6.7,7.9,198,390.0,1.4,2.2,0.3,1.6,7,9,93,120.0,2,BDL
4370,"KRISHNA CANAL AT HANUMAN NAGAR, NEAR SAIBABA TEMPLE, ELIRU",2021,CANAL,ANDHRA PRADESH,22.0,28.0,2.3,6.5,7.1,7.7,389,968.0,1.6,4.2,0.8,2.0,11,21,150,240.0,2,BDL
4374,"GOSTTA NADI- VELPURU CANAL AT HANUMAN TEMPLE, DOWNSTREAM OF TANUKU TOWN, ATTILI (M)",2021,CANAL,ANDHRA PRADESH,23.0,27.0,2.2,8.5,7.0,8.1,250,1120.0,1.3,3.8,0.8,2.3,9,154,120,240.0,2,BDL
2057,"AGRA CANAL, MADANPUR KHADAR, DELHI",2021,CANAL,DELHI,17.0,27.0,BDL,1.4,7.1,7.8,1015,1731.0,26,77.0,0.6,1.1,49000,14000000,790000,14000000.0,2,BDL
2265,"CANAL UP STREAM OF CUNCOLIM INDL.EST. CUNCOLIM, SALCETE (1 KM FROM M/S NICOMENT INDUSTRIES)",2021,CANAL,GOA,27.0,31.0,5,8.1,6.1,7.9,60,410.0,BDL,2.8,0.3,1.6,790,2300,1300,3300.0,2,BDL
2266,"CANAL DOWNSTREAM OF CUNCOLIM INDL.EST. CUNCOLIM, SALCETE (NEAR RAILWAY BRIDGE)",2021,CANAL,GOA,27.0,31.0,4.5,8.0,6.4,7.8,52,406.0,BDL,2.1,0.3,1.5,1300,3300,1700,4900.0,2,BDL
2268,CUMBARJUA CANAL CORLIM(DISCHARGE POINT OF SYNGENTA LIMITED),2021,CANAL,GOA,27.0,31.0,4.2,8.1,6.1,7.7,118,46570.0,1.2,2.0,0.3,0.6,780,2200,1300,4900.0,2,BDL
2073,"NARMADA MAIN CANAL, NR. VILLAGE. LIMBADIA, DIST. GANDHINAGAR.",2021,CANAL,GUJARAT,26.0,30.0,4.6,7.3,7.6,8.1,BDL,322.0,BDL,1.1,BDL,2.1,BDL,4,6,47.0,2,BDL
2074,"TAPI CANAL AT VILLAGE UMARWADA, NEAR GIDC ESTATE OF PANOLI.",2021,CANAL,GUJARAT,25.0,37.0,6.6,8.9,7.8,8.5,317,808.0,BDL,5.197765363128492,BDL,0.5,2,49,20,170.0,2,BDL
4421,"FROM NARMADA MAIN CANAL AT INDORAHMEDABAD HIGHWAY BRIDGE NEAR VILLAGE MOTIKANTADI TAL, GODHRA, DIST PANCHMAHAL",2021,CANAL,GUJARAT,21.0,29.0,6.8,8.3,7.0,8.4,291,563.0,BDL,5.197765363128492,0.3,0.3,BDL,7.8,21,70.0,2,BDL
1013,RIVER SUTLEJ AT U/S TATAPANI,2021,RIVER,HIMACHAL PRADESH,8.5,15.0,8.5,9.0,7.3,8.2,1229,3096.0,1,1.0,0.32,1.34,350,920,2,12.0,2,BDL
4446,RIVER SUTLEJ U/S LANDFILL SITE RAMPUR,2021,RIVER,HIMACHAL PRADESH,8.6,14.5,8.6,9.4,7.5,8.5,1149,3721.0,1,1.0,0.32,1.92,1600,350,2,94.0,2,BDL
4447,RIVER STLUJ D/S LANDFILL SITE RAMPUR,2021,RIVER,HIMACHAL PRADESH,8.4,14.5,8.4,9.4,7.2,8.4,168,2735.0,1,1.0,0.32,1.92,1600,1600,2,110.0,2,BDL
4032,RIVER SUTLEJ U/S KHAIRIAN SOLID WASTE DUMPING SITE BILASPUR,2021,RIVER,HIMACHAL PRADESH,8.3,23.0,8.3,9.8,7.1,8.3,173,308.0,1,1.0,0.32,1.78,210,140,2,2.0,2,BDL
4033,RIVER SUTLEJ D/S KHAIRIAN SOLID WASTE DUMPING SITE BILASPUR,2021,RIVER,HIMACHAL PRADESH,8.2,23.0,8.2,9.7,7.1,8.2,178,284.0,1,1.0,0.32,1.42,540,150,2,2.0,2,BDL
4450,RIVER SUTLEJ U/S CONFLUENCE WITH GANVI KHAND,2021,RIVER,HIMACHAL PRADESH,8.9,14.0,8.9,9.5,7.4,8.3,960,3837.0,1,1.0,0.32,2.12,1600,49,2,2.0,2,BDL
4451,RIVER SUTLEJ D/S CONFLUENCE WITH GANVI KHAND,2021,RIVER,HIMACHAL PRADESH,8.9,14.0,8.9,9.5,7.1,8.2,978,3829.0,1,1.0,0.32,2.52,1600,220,2,5.0,2,BDL
30009,RIVER SUTLEJ AT NANGAL (H.P.),2021,RIVER,HIMACHAL PRADESH,9.0,25.0,9,9.6,7.1,7.7,207,293.0,2,2.0,0.32,0.72,20000,490,8,330.0,2,BDL
1014,RIVER SUTLEJ AT U/S SLAPPER,2021,RIVER,HIMACHAL PRADESH,8.2,21.0,8.2,9.7,7.3,8.1,110,287.0,1,1.0,0.32,0.77,79,170,2,2.0,2,BDL
1015,RIVER SUTLEJ AT D/S SLAPPER,2021,RIVER,HIMACHAL PRADESH,8.5,21.0,8.5,9.6,7.2,8.0,111,262.0,1,1.0,0.32,1.12,140,210,2,2.0,2,BDL
1016,RIVER SUTLEJ AT D/S BHAKHRA,2021,RIVER,HIMACHAL PRADESH,8.2,26.0,8.2,9.4,7.0,7.9,185,261.0,1,1.0,0.3,5.1,2,22,2,2.0,2,BDL
30010,RIVER SUTLEJ AT NOORPUR BEDI ROAD (PUNJAB),2021,RIVER,PUNJAB,8.9,26.0,8.9,10.2,7.1,7.7,218,299.0,2,2.0,0.32,0.72,54000,1400,11,540.0,2,BDL
1814,"RIVER SUTLEJ AT D/S KIRATPUR SAHIB, PUNJAB",2021,RIVER,PUNJAB,7.3,22.0,7.3,10.1,7.5,8.6,198,281.0,1,1.0,1.2,1.8,330,310,-,85279.12849162011,2,BDL
3052,"GUNTATHIPPA DRAIN B/C WITH RIVES CANAL AT RAMAVARAPPADU, VIJAYAWADA TOWN",2023,DRAIN,ANDHRA PRADESH,22.0,25.0,0.3,1.8,6.9,7.9,1548,2280.0,17.8,37.0,5.5,8.8,440,470,2300,5200.0,21,BDL
3053,"TULIA BAGH DRAIN AT MATLAPALEM (V), VEMULAVADA (M)",2023,DRAIN,ANDHRA PRADESH,24.0,26.0,4.9,6.9,6.7,7.6,525,24500.0,2.4,3.6,0.8,3.3,3,20,75,460.0,4,BDL
4861,"NEAR HUDA/ HSVP WATER WORKS, BASAI, GURUGRAM",2023,WATER TREATMENT PLANT (RAW WATER),HARYANA,22.0,30.0,7,7.7,7.0,7.8,1010,1210.0,1,1.0,0.3,0.3,80,160,1900,2900.0,2,BDL
3047,WATER WORKS- GURGAON,2023,WATER TREATMENT PLANT (RAW WATER),HARYANA,26.0,32.0,7,7.3,7.2,8.0,1120,1640.0,1,1.0,0.3,0.3,110,310,2700,5100.0,2,BDL
4464,ALHI KHAD NEAR INTAKE WSS AT VILL. NOG,2023,DRAIN,HIMACHAL PRADESH,12.0,29.0,8.2,9.3,6.9,8.2,286,470.0,1,1.0,0.3,2.6,22,84,130,540.0,2,BDL
3868,BARAGRAM NALLAH BEFORE CONFLUENCE TO RIVER BEAS,2023,DRAIN,HIMACHAL PRADESH,1.0,13.0,7.5,8.9,6.8,8.0,50,106.0,1,1.0,0.3,0.7,21,58,58,280.0,2,BDL
3881,"BHATIAN NALLAH D/S SARA TEXTILE, NALAGARH",2023,DRAIN,HIMACHAL PRADESH,12.0,28.0,3.9,6.1,7.6,8.0,678,5130.0,1,20.0,1.2,10.9,2,1600,26,1600.0,2,BDL
3879,"BHATIAN NALLAH U/S BHATIAN VILLAGE, NEAR TVS INDUSTRY, NALAGARH",2023,DRAIN,HIMACHAL PRADESH,11.0,26.0,0.3,6.2,7.1,8.1,670,7530.0,1.2,90.0,0.6,7.2,7,1600,130,1600.0,2,BDL
4425,RAW WATER FOR LWSS OF CHURAT NALLAH,2023,DRAIN,HIMACHAL PRADESH,8.0,15.0,7.8,9.2,7.5,8.3,102,231.0,1,1.0,0.3,4.0,7,70,26,1600.0,2,BDL
4463,DHANESHAR NALLAH (U/S SAINJ WATER SUPPLY SCHEME) NEAR GYASI MATA MANDIR,2023,DRAIN,HIMACHAL PRADESH,9.0,19.0,7.1,8.2,7.9,8.4,114,766.0,1,1.0,0.3,2.2,9,39,20,1600.0,2,BDL
4474,HALOG NALLAH NEAR HALOG WATER SUPPLY SCHEME,2023,DRAIN,HIMACHAL PRADESH,8.0,13.0,9.4,9.6,7.6,8.3,97,347.0,1,1.0,0.4,1.4,2,170,7,1600.0,2,BDL
4481,HATHLI NALLAH LIFT WATER SUPPLY SCHEME FOR MUNICIPAL COUNCIL HAMIRPUR,2023,DRAIN,HIMACHAL PRADESH,19.0,28.0,7.6,8.5,6.6,7.9,278,680.0,1,2.3,0.3,8.5,2,6,21,47.0,2,BDL
5253,"HURLA NALLA D/S HURLA BRIDGE, VPO HURLA, TEHSIL BHUNTER, DIS. KULLU",2023,DRAIN,HIMACHAL PRADESH,5.0,18.0,7.3,8.3,7.1,8.5,60,155.0,1,1.0,0.3,0.7,31,94,140,540.0,2,BDL
4426,RAW WATER FOR LWSS OF JAGROTI NALLAH,2023,DRAIN,HIMACHAL PRADESH,8.0,14.0,7.6,9.3,7.6,8.3,92,156.0,1,1.0,0.3,1.0,2,130,2,1600.0,2,BDL
4454,JARANGLA NALLAH U/S WATER SUPPLY SCHEME,2023,DRAIN,HIMACHAL PRADESH,8.0,15.0,8.8,9.4,7.5,8.3,110,485.0,1,1.0,0.4,5.3,2,20,23,3500.0,2,BDL
4466,JARANGLA NALLAH D/S WATER SUPPLY SCHEME,2023,DRAIN,HIMACHAL PRADESH,8.0,15.0,8.8,9.4,7.5,8.4,112,524.0,1,1.0,0.4,4.2,2,20,33,3500.0,2,BDL
5257,"KALAM NALLA D/S OF MSW PROCESSING SITE AT CHOWRI, DIST. CHAMBA",2023,DRAIN,HIMACHAL PRADESH,10.0,16.0,8.5,9.1,7.0,8.1,125,282.0,1,1.0,0.5,2.0,2,22,47,1600.0,2,BDL
4477,KHALADA NALLAH NEAR WATER SUPPLY SCHEME FOR KULLU TOWN,2023,DRAIN,HIMACHAL PRADESH,2.0,18.0,7.8,8.8,7.2,8.0,67,230.0,1,1.0,0.3,2.9,32,110,140,920.0,2,BDL
4455,KLUIN NALLAH U/S WATER SUPPLY SCHEME,2023,DRAIN,HIMACHAL PRADESH,8.0,13.0,9,9.5,7.0,8.2,77,496.0,1,1.0,0.3,1.7,2,40,94,3500.0,2,BDL
4482,LIFT WATER SUPPLY SCHEME (PANJARAR) AND BHOTA ROPARI & UJHAN,2023,DRAIN,HIMACHAL PRADESH,19.0,28.0,7.5,8.5,6.5,8.1,312,689.0,1,2.1,0.3,1.6,2,4,17,70.0,2,BDL
4036,"KUNNI PUL, VILL SAMAHU, PO KUNIHAR, TEHSIL ARKI",2023,DRAIN,HIMACHAL PRADESH,10.0,15.0,7.4,7.8,7.9,8.4,231,3640.0,1,1.8,1.2,5.3,2,12,21,350.0,2,BDL
4430,LIFT NALLAH BEFORE CONFLUENCE TO ASHWANI KHAD NEAR DOGRHA BRIDGE,2023,DRAIN,HIMACHAL PRADESH,9.0,23.0,6.4,8.1,5.9,8.3,83,828.0,1.5,12.0,0.3,6.9,17,350,540,1600.0,7,BDL
4475,"MACHADA NALLAH, MAJHOUTI WATER SUPPLY SCHEME NEAR NIRATH",2023,DRAIN,HIMACHAL PRADESH,8.0,13.0,9.3,9.7,7.5,8.3,116,359.0,1,1.0,0.3,2.3,7,170,21,1600.0,2,BDL
4476,MANALSU NALLAH NEAR WATER SUPPLY SCHEME FOR MANALI TOWN,2023,DRAIN,HIMACHAL PRADESH,3.0,12.0,8,9.2,6.6,8.5,33,76.0,1,1.0,0.3,0.7,26,140,84,540.0,2,BDL
4034,SAHU NALLAH U/S BHURI SINGH SHEP,2023,DRAIN,HIMACHAL PRADESH,8.0,15.0,8.8,9.7,7.6,8.2,130,286.0,1,1.0,0.5,3.1,2,68,94,5400.0,2,BDL
4035,SAHU NALLAH D/S BHURI SINGH SHEP,2023,DRAIN,HIMACHAL PRADESH,8.0,14.0,8.5,9.7,7.5,8.2,129,292.0,1,1.0,0.6,2.6,2,93,63,9200.0,2,BDL
4462,SAINJ NALLAH (U/S SAINJ WATER SUPPLY SCHEME AT DARGI),2023,DRAIN,HIMACHAL PRADESH,9.0,19.0,7,8.2,7.6,8.4,104,682.0,1,1.0,0.3,2.6,5,34,26,1600.0,2,BDL
3867,SARVARI NALLAH BEFORE CONFLUENCE TO RIVER BEAS,2023,DRAIN,HIMACHAL PRADESH,3.0,18.0,7.6,8.5,7.2,7.9,110,218.0,1,1.0,0.3,1.6,22,150,79,540.0,2,BDL
1870,"SUKHANA NALLAH AT PARWANOO NEAR KALKA BARRIER, EXIT POINT OF H. P.",2023,DRAIN,HIMACHAL PRADESH,8.0,11.0,4.3,8.7,7.4,8.3,253,1284.0,1,26.0,0.5,15.7,2,1600,21,1600.0,2,BDL
3875,SURAJMUKHI NALLAH U/S WSS GALAYANA D/S OF SHOOLINI UNIVERSITY,2023,DRAIN,HIMACHAL PRADESH,7.0,9.0,7.2,8.8,7.7,8.3,223,853.0,1,7.5,2.8,10.4,2,33,24,540.0,2,BDL
4480,SURAJMUKHI NALLAH D/S STP AT U/S OF SHOOLINI UNIVERSITY SAMTI SOLAN,2023,DRAIN,HIMACHAL PRADESH,6.0,8.0,6.8,8.5,7.7,8.3,221,824.0,1,2.6,1.9,8.8,2,24,26,350.0,2,BDL
2789,"NALA AT D/S OF AKLAI MANDIR, VILLAGE- AKLAI, TALUKA- MALSHIRAS, DISTRICT- SOLAPUR.",2023,DRAIN,MAHARASHTRA,26.0,36.0,4.4,5.2,7.2,8.1,1245,1750.0,7.2,13.0,0.3,2.4,20,150,150,900.0,7,BDL
2178,"CHIKHALI NALA MEETS GODAVARI RIVER, VILLAGE- CHIKHALI, TALUKA- NASHIK, DISTRICT- NASHIK.",2023,DRAIN,MAHARASHTRA,20.0,29.0,0.3,6.0,7.4,8.0,762,1066.0,3,18.0,0.7,4.9,4,170,45,180.0,2,BDL
2790,"PIMPAL-PANERI NALA AT RATNAGIRI NEAR FINOLEX INDUSTRIES, VILLAGE- YAHGANIGAON, TALUKA- RATNAGIRI, DISTRICT- RATNAGIRI.",2023,DRAIN,MAHARASHTRA,26.0,31.0,7,7.9,6.0,7.2,245,5476.0,1.8,3.0,0.3,1.7,6,11,21,43.0,2,BDL
3923,GURADIH NALLAH AT PANPOSH,2023,DRAIN,ODISHA,23.0,31.0,1.2,6.8,6.9,7.7,328,717.0,4.3,8.0,0.3,9.7,3300,54000,7900,160000.0,13,BDL
20046,MADURAI,2023,STP,TAMIL NADU,25.0,39.0,0.3,6.0,6.7,7.9,1357,1563.0,4,18.0,0.3,1.0,2,11000,2,22000.0,2,BDL
3054,"RIVER GODAVARI - OUTLET OF ASH POND EFFLUENTS OF M/S.NTPC, RAMAGUNDAM",2023,DRAIN,TELANGANA,25.0,29.0,1.6,6.0,8.5,11.2,599,1043.0,1,5.4,0.9,3.8,2,17,17,280.0,2,BDL
4665,"RIVER MANERU (TRIBUTARY OF GODAVARI) - OUTLET OF KTPP ASH POND JOINING TO MORANCHA VAGU, CHELPUR (V), GHANPUR (MULUGU) (M), , JAYASHANKAR BHUPALAPALLI DISTRICT",2023,DRAIN,TELANGANA,25.0,28.0,2.8,6.1,7.5,8.8,522,856.0,1.8,3.2,0.4,17.0,2,2,26,58.0,2,BDL
3055,"AMBERPET STP (339 MLD) - OUTLET , AMBERPET (V&M), HYDERABAD",2023,STP,TELANGANA,25.0,31.0,0.9,4.6,6.9,8.2,1322,1659.0,4.4,30.0,4.2,8.0,4,46,220,920.0,2,BDL
3050,WATER WORKS- GHAZIABAD,2023,WATER TREATMENT PLANT (RAW WATER),UTTAR PRADESH,18.0,26.0,0.3,11.0,7.1,7.5,160,201.0,1,1.0,0.3,0.3,2,2,2,2.0,2,BDL
